dcbeae2f-e55f-47d0-839c-62fb6c552c64,photo,http://lorempixel.com/640/480/animals,2018-02-12T20:12:51.520Z
f23fbef9-d9e3-48b8-a025-edfbb66b9e4d,photo,http://lorempixel.com/640/480/animals,2018-02-12T20:12:51.521Z
f2e3a589-45a6-4700-97ef-9a68a99842cb,video,http://lorempixel.com/640/480/animals,2018-02-12T20:12:51.521Z
2274b7c4-e4bd-4aec-bc92-1a53694833cd,video,http://lorempixel.com/640/480/animals,2018-02-12T20:12:51.522Z
fb2fd2a0-559c-4c56-b69c-e1caad05ed39,video,http://lorempixel.com/640/480/animals,2018-02-12T20:12:51.522Z
d6f7c9fe-cf8a-44db-909b-1368e9479c11,photo,http://lorempixel.com/640/480/animals,2018-02-12T20:12:51.522Z
7fd40ac1-c818-46dd-bd77-e0c8fc917bc7,photo,http://lorempixel.com/640/480/animals,2018-02-12T20:12:51.522Z
1a7f6bf8-d5d4-4a1e-a72f-f1e231e67103,photo,http://lorempixel.com/640/480/animals,2018-02-12T20:12:51.522Z
075b2c2b-7ea2-4f00-aa0b-b7fcf97520ab,photo,http://lorempixel.com/640/480/animals,2018-02-12T20:12:51.522Z
4cf6d3d6-f2da-46e6-a2df-a5df261e878e,photo,http://lorempixel.com/640/480/animals,2018-02-12T20:12:51.523Z
e00b614c-0db6-47c5-9f14-48137750bb87,photo,http://lorempixel.com/640/480/animals,2018-02-12T20:12:51.523Z
ca236ad6-b394-4204-bfc8-03a1e804f94e,video,http://lorempixel.com/640/480/animals,2018-02-12T20:12:51.523Z
1db622f0-f47e-4bcd-9422-9d9602a62201,video,http://lorempixel.com/640/480/animals,2018-02-12T20:12:51.523Z
16a1c6ae-4f9e-4365-942d-d2044f3178ba,photo,http://lorempixel.com/640/480/animals,2018-02-12T20:12:51.523Z
3a27850a-569f-4120-b689-4d556471afe7,video,http://lorempixel.com/640/480/animals,2018-02-12T20:12:51.523Z
391b9f98-3314-498a-b5b6-701c4cb53b81,video,http://lorempixel.com/640/480/animals,2018-02-12T20:12:51.523Z
6f3c928e-dbf0-4c31-8c96-7b09d04a251d,photo,http://lorempixel.com/640/480/animals,2018-02-12T20:12:51.523Z
a01c2dd4-9022-4966-8f41-cab3c36b2e8b,video,http://lorempixel.com/640/480/animals,2018-02-12T20:12:51.523Z
b169f2ee-9094-4c5b-b158-b215b35235b5,photo,http://lorempixel.com/640/480/animals,2018-02-12T20:12:51.524Z
5bd51d96-da8a-40c7-8b68-a448810cd60a,video,http://lorempixel.com/640/480/animals,2018-02-12T20:12:51.524Z
5f048b25-2fda-4db2-8c97-e2f0756e7202,photo,http://lorempixel.com/640/480/animals,2018-02-12T20:12:51.524Z
9d4ff4b9-5702-461a-9490-3d2a7cef44e3,video,http://lorempixel.com/640/480/animals,2018-02-12T20:12:51.524Z
05a950cd-45b8-4568-9ee7-c2823845b87d,video,http://lorempixel.com/640/480/animals,2018-02-12T20:12:51.524Z
31f7822e-1c8f-45c6-91f5-69787259bed7,video,http://lorempixel.com/640/480/animals,2018-02-12T20:12:51.524Z
7b639120-4a35-4da5-b1b5-489a3cf3b618,photo,http://lorempixel.com/640/480/animals,2018-02-12T20:12:51.524Z
cdbbec56-654f-4a86-a1e7-409f57675a7e,photo,http://lorempixel.com/640/480/animals,2018-02-12T20:12:51.524Z
3d0c0ff0-54f6-4bd6-8128-c9bff1d4bc32,video,http://lorempixel.com/640/480/animals,2018-02-12T20:12:51.524Z
80850126-e273-459d-9d78-cee58f8949ad,video,http://lorempixel.com/640/480/animals,2018-02-12T20:12:51.525Z
defd341c-7288-4722-8476-c3ae4bf14466,photo,http://lorempixel.com/640/480/animals,2018-02-12T20:12:51.525Z
4b804971-5558-4467-a5a9-1106c44ad5ac,video,http://lorempixel.com/640/480/animals,2018-02-12T20:12:51.525Z
0e85113d-1076-4935-b301-9d86af19f4c5,video,http://lorempixel.com/640/480/animals,2018-02-12T20:12:51.525Z
68686d39-97d6-4091-a0e3-c60d92f2570f,photo,http://lorempixel.com/640/480/animals,2018-02-12T20:12:51.525Z
11ad0619-68c3-49af-bb09-221de936d461,photo,http://lorempixel.com/640/480/animals,2018-02-12T20:12:51.525Z
39f111ca-1e15-4377-a085-2779e2d4d1ce,photo,http://lorempixel.com/640/480/animals,2018-02-12T20:12:51.525Z
eb2d2292-d0a9-4d04-8cac-16255fd244b8,photo,http://lorempixel.com/640/480/animals,2018-02-12T20:12:51.525Z
10c4cedc-5017-4927-817d-afb9b2fc1806,photo,http://lorempixel.com/640/480/animals,2018-02-12T20:12:51.526Z
0eb58da3-1026-4f44-927d-181cd48e544d,video,http://lorempixel.com/640/480/animals,2018-02-12T20:12:51.526Z
8028d14e-0978-4442-af93-ec78a90a6b57,video,http://lorempixel.com/640/480/animals,2018-02-12T20:12:51.526Z
e71923b9-0eb8-4785-be41-f8d7898f8b7a,video,http://lorempixel.com/640/480/animals,2018-02-12T20:12:51.526Z
82503d7b-37d2-44d9-abe6-64a155ff6b42,video,http://lorempixel.com/640/480/animals,2018-02-12T20:12:51.526Z
56f275ec-7c40-4925-9f1e-f6a91d0973d0,photo,http://lorempixel.com/640/480/animals,2018-02-12T20:12:51.526Z
f68a7548-5ec1-43a9-b97c-ae6073f7e30e,photo,http://lorempixel.com/640/480/animals,2018-02-12T20:12:51.526Z
e19dcbe8-f1c8-4446-aafc-c1391adc31fd,photo,http://lorempixel.com/640/480/animals,2018-02-12T20:12:51.526Z
0448ba88-afc9-4357-9060-b9c64a0abd54,photo,http://lorempixel.com/640/480/animals,2018-02-12T20:12:51.526Z
b2d1d587-6dd7-4a93-9997-48645c2822a0,photo,http://lorempixel.com/640/480/animals,2018-02-12T20:12:51.526Z
56ecfb5e-147e-4072-a2cb-da4a7261c8d0,photo,http://lorempixel.com/640/480/animals,2018-02-12T20:12:51.526Z
c9465e7c-5426-4dc5-aa89-751ec0145200,photo,http://lorempixel.com/640/480/animals,2018-02-12T20:12:51.527Z
b5e61e7c-6ce0-4912-bcfe-6bb958b8482f,video,http://lorempixel.com/640/480/animals,2018-02-12T20:12:51.527Z
54800e7f-8d95-4ef4-8dcd-7d90857ba698,photo,http://lorempixel.com/640/480/animals,2018-02-12T20:12:51.527Z
1ed93e92-9f15-4b22-991e-3c72c568b901,video,http://lorempixel.com/640/480/animals,2018-02-12T20:12:51.527Z
70deffab-9e69-45b0-acab-aa71fc8f6a8c,video,http://lorempixel.com/640/480/animals,2018-02-12T20:12:51.527Z
808d522c-6c5c-4ea7-a391-1fa3c4239337,video,http://lorempixel.com/640/480/animals,2018-02-12T20:12:51.527Z
37f10d1d-00bb-4415-8a23-0160ce0aaed8,video,http://lorempixel.com/640/480/animals,2018-02-12T20:12:51.527Z
56758439-89d3-4983-9283-ab9c63e3d91f,video,http://lorempixel.com/640/480/animals,2018-02-12T20:12:51.527Z
9f6381bc-1a8c-488c-b870-97ed6f6c622e,video,http://lorempixel.com/640/480/animals,2018-02-12T20:12:51.527Z
d301722a-203a-4981-ab24-f54b34eb4db6,photo,http://lorempixel.com/640/480/animals,2018-02-12T20:12:51.527Z
972ee81b-383f-4e0a-a580-10a45c2569a4,photo,http://lorempixel.com/640/480/animals,2018-02-12T20:12:51.528Z
2143ce19-3066-49a9-bf27-51c573bb2b44,video,http://lorempixel.com/640/480/animals,2018-02-12T20:12:51.528Z
c1396a74-132e-4881-a604-d3324c0ca1d9,photo,http://lorempixel.com/640/480/animals,2018-02-12T20:12:51.528Z
55e08108-18d8-471d-b2a4-3a9d65f6d9a7,video,http://lorempixel.com/640/480/animals,2018-02-12T20:12:51.528Z
ab42261e-7cc9-4fe2-8684-ae4fdd512855,photo,http://lorempixel.com/640/480/animals,2018-02-12T20:12:51.528Z
8135d5d8-aa05-4e76-bbc6-ce0730fdd70f,video,http://lorempixel.com/640/480/animals,2018-02-12T20:12:51.528Z
a19d4c81-6614-4f83-9a95-cc55daab0281,video,http://lorempixel.com/640/480/animals,2018-02-12T20:12:51.528Z
89d294b0-713d-4df8-bdb8-840db5b3831c,video,http://lorempixel.com/640/480/animals,2018-02-12T20:12:51.528Z
0d0120b5-3a25-4cfc-82d0-7799a54d5f59,photo,http://lorempixel.com/640/480/animals,2018-02-12T20:12:51.528Z
e27ba64e-827f-413f-8861-89946c5afbab,photo,http://lorempixel.com/640/480/animals,2018-02-12T20:12:51.529Z
3c83a0d0-d267-475b-9094-fe9f0398c8c7,photo,http://lorempixel.com/640/480/animals,2018-02-12T20:12:51.529Z
4c892cdd-a211-4ade-8bfb-1564fa60a4f3,photo,http://lorempixel.com/640/480/animals,2018-02-12T20:12:51.529Z
188b709f-ff31-4933-8571-eb86d2694282,video,http://lorempixel.com/640/480/animals,2018-02-12T20:12:51.529Z
1b1d324b-3148-4d74-8eeb-7a81d795b715,video,http://lorempixel.com/640/480/animals,2018-02-12T20:12:51.529Z
3a64cc22-ade5-4eee-9c0d-50d66aed200b,photo,http://lorempixel.com/640/480/animals,2018-02-12T20:12:51.529Z
3ad0dc34-b909-4554-9f38-a2e28411c432,photo,http://lorempixel.com/640/480/animals,2018-02-12T20:12:51.529Z
aa93d5b9-4df9-4ebc-8994-e3eb5d6fab85,photo,http://lorempixel.com/640/480/animals,2018-02-12T20:12:51.529Z
489bbfd0-6959-426f-a7c2-d77b2d454ed1,photo,http://lorempixel.com/640/480/animals,2018-02-12T20:12:51.529Z
4b2aaa94-0676-4e59-9fb0-8db00558f094,photo,http://lorempixel.com/640/480/animals,2018-02-12T20:12:51.529Z
6285138e-d422-4994-896d-d3382541aa99,photo,http://lorempixel.com/640/480/animals,2018-02-12T20:12:51.529Z
8b0096f1-c93f-4345-8b3f-dffe72fdc80c,photo,http://lorempixel.com/640/480/animals,2018-02-12T20:12:51.529Z
e39ccd17-0d67-4034-a973-e8893948a804,video,http://lorempixel.com/640/480/animals,2018-02-12T20:12:51.529Z
ab5c65a1-7123-42d2-93e3-968c91ee9d47,photo,http://lorempixel.com/640/480/animals,2018-02-12T20:12:51.530Z
2bb7ec6c-a290-47b9-bd30-ec626f04b4e4,photo,http://lorempixel.com/640/480/animals,2018-02-12T20:12:51.530Z
f98a4e09-3622-4e0e-9000-e76a6b20c110,video,http://lorempixel.com/640/480/animals,2018-02-12T20:12:51.530Z
ed1c7be3-eb95-4324-a199-af69fda80019,photo,http://lorempixel.com/640/480/animals,2018-02-12T20:12:51.530Z
a9783695-81f2-4fde-8dcf-7ff96988523e,photo,http://lorempixel.com/640/480/animals,2018-02-12T20:12:51.530Z
99d5d876-1e9e-46cc-9fd5-74fb5d6cc162,video,http://lorempixel.com/640/480/animals,2018-02-12T20:12:51.530Z
c8689d12-fe4b-4896-a646-cdd2c78848ac,photo,http://lorempixel.com/640/480/animals,2018-02-12T20:12:51.530Z
f89ebf0f-06b0-492d-853a-bd18b7e67edf,video,http://lorempixel.com/640/480/animals,2018-02-12T20:12:51.530Z
5cfee1dd-5747-44d0-9abc-ca6645dc899b,video,http://lorempixel.com/640/480/animals,2018-02-12T20:12:51.530Z
ff43d97e-d23e-4355-8807-1d460a1a1d1e,photo,http://lorempixel.com/640/480/animals,2018-02-12T20:12:51.530Z
6bd1d653-dd0b-4c28-8f3d-fe3f7a2c2559,video,http://lorempixel.com/640/480/animals,2018-02-12T20:12:51.530Z
d2498ca3-dfbb-4e86-9dfd-02da77562f19,video,http://lorempixel.com/640/480/animals,2018-02-12T20:12:51.530Z
2581794e-c955-4ed4-b48f-a557e018a34e,photo,http://lorempixel.com/640/480/animals,2018-02-12T20:12:51.530Z
c44085e5-3d97-4439-9a70-51c9913c7474,photo,http://lorempixel.com/640/480/animals,2018-02-12T20:12:51.530Z
5f89bcd6-aee8-4c66-bf02-196ee3cd7731,video,http://lorempixel.com/640/480/animals,2018-02-12T20:12:51.531Z
f6eeb80e-831b-4262-8908-d280820b0029,photo,http://lorempixel.com/640/480/animals,2018-02-12T20:12:51.531Z
a1a0004a-d991-4045-b743-d56183636058,video,http://lorempixel.com/640/480/animals,2018-02-12T20:12:51.531Z
256ed994-295c-4960-8ddf-f8f22c1348cc,video,http://lorempixel.com/640/480/animals,2018-02-12T20:12:51.531Z
f1c4603b-44fc-4655-b4a1-ce1c48c63606,photo,http://lorempixel.com/640/480/animals,2018-02-12T20:12:51.531Z
5d52d4e9-8fe2-450a-9751-b33dca94f6ed,photo,http://lorempixel.com/640/480/animals,2018-02-12T20:12:51.531Z
a84f4934-a6c6-4e9b-acd2-14dbbda1ab2c,photo,http://lorempixel.com/640/480/animals,2018-02-12T20:12:51.531Z
1a879565-2853-406d-86b3-349313f513ab,photo,http://lorempixel.com/640/480/animals,2018-02-12T20:12:51.531Z
eec1b44e-7935-4298-9d19-78e4c12c4780,video,http://lorempixel.com/640/480/animals,2018-02-12T20:12:52.142Z
09a7ae35-e6b6-4064-b190-885ec4131c4a,video,http://lorempixel.com/640/480/animals,2018-02-12T20:12:52.142Z
1b59d853-5722-4df7-9050-905a4f2e78d8,photo,http://lorempixel.com/640/480/animals,2018-02-12T20:12:52.142Z
b5c1910a-379b-43f2-a08f-d33041a750d6,video,http://lorempixel.com/640/480/animals,2018-02-12T20:12:52.142Z
bcd41062-0182-423b-b6e2-cec50d1b4f69,video,http://lorempixel.com/640/480/animals,2018-02-12T20:12:52.142Z
4eafea6d-1633-4f7a-b057-e3e574ac53d2,video,http://lorempixel.com/640/480/animals,2018-02-12T20:12:52.142Z
709d3dc2-09f5-4dfe-8372-200afdad029d,video,http://lorempixel.com/640/480/animals,2018-02-12T20:12:52.142Z
77c217ee-6cfe-4abe-8668-9b8fb26f5e52,video,http://lorempixel.com/640/480/animals,2018-02-12T20:12:52.142Z
220c46ec-6503-4cfc-870b-d4b0a0296b75,photo,http://lorempixel.com/640/480/animals,2018-02-12T20:12:52.142Z
4a1404f4-9d03-4989-ab0e-db5b28845f18,photo,http://lorempixel.com/640/480/animals,2018-02-12T20:12:52.142Z
ad60cc53-1fb2-4a3f-a389-76011e952555,video,http://lorempixel.com/640/480/animals,2018-02-12T20:12:52.142Z
766a527a-2e67-49ef-a855-29d0ec6a81a1,video,http://lorempixel.com/640/480/animals,2018-02-12T20:12:52.142Z
a0f5c771-7160-4d95-a671-f8235fb245ad,video,http://lorempixel.com/640/480/animals,2018-02-12T20:12:52.142Z
1dee96fb-e22c-4fa7-a1d8-8dcfc93513fa,video,http://lorempixel.com/640/480/animals,2018-02-12T20:12:52.142Z
65a5e809-f34b-4a21-8036-dfe7cc61c642,photo,http://lorempixel.com/640/480/animals,2018-02-12T20:12:52.142Z
54cc9ae0-b62f-4a1d-996e-b60da6155e60,video,http://lorempixel.com/640/480/animals,2018-02-12T20:12:52.142Z
3f59bede-cadc-4313-81f5-3db459be590a,photo,http://lorempixel.com/640/480/animals,2018-02-12T20:12:52.142Z
8d86fad4-de49-4725-bdff-80baaa9bbb40,photo,http://lorempixel.com/640/480/animals,2018-02-12T20:12:52.143Z
d2d2e9ab-ef9f-4a11-ab39-430d24a4f380,photo,http://lorempixel.com/640/480/animals,2018-02-12T20:12:52.143Z
537e3062-0da6-4a57-bbff-0dd50e401ec4,video,http://lorempixel.com/640/480/animals,2018-02-12T20:12:52.143Z
458ddc88-478c-4ee3-81ec-1ce5e5070f54,video,http://lorempixel.com/640/480/animals,2018-02-12T20:12:52.143Z
81783994-8e5f-45c3-9d55-03492ed35ed6,photo,http://lorempixel.com/640/480/animals,2018-02-12T20:12:52.143Z
a35505e8-6ff8-4a22-96a4-bda212bfb33a,photo,http://lorempixel.com/640/480/animals,2018-02-12T20:12:52.143Z
eae19f3d-91a4-4ec6-aa37-aa4c973e4e53,video,http://lorempixel.com/640/480/animals,2018-02-12T20:12:52.143Z
580c6fb7-c9c5-4e9e-8ccc-879230728332,photo,http://lorempixel.com/640/480/animals,2018-02-12T20:12:52.143Z
f11dda17-6931-4bf3-b970-90ec7a29564d,video,http://lorempixel.com/640/480/animals,2018-02-12T20:12:52.143Z
1520445e-2d70-40ce-8c64-1c967b494792,video,http://lorempixel.com/640/480/animals,2018-02-12T20:12:52.143Z
56508e3b-2eb1-4cd9-a2cb-84911b91640c,video,http://lorempixel.com/640/480/animals,2018-02-12T20:12:52.143Z
c1acf8bd-4049-4ddc-9b70-521c26e4088c,photo,http://lorempixel.com/640/480/animals,2018-02-12T20:12:52.143Z
d75d7717-b0fd-405b-aea8-261e55d22c74,video,http://lorempixel.com/640/480/animals,2018-02-12T20:12:52.143Z
5315a3db-cb32-417b-996a-0cc8a4c9cb28,photo,http://lorempixel.com/640/480/animals,2018-02-12T20:12:52.143Z
71200268-b841-4cd9-a8ec-8262950ec962,photo,http://lorempixel.com/640/480/animals,2018-02-12T20:12:52.143Z
53f862c6-0ccd-41cf-807a-797a5c0b01a0,photo,http://lorempixel.com/640/480/animals,2018-02-12T20:12:52.143Z
ae381e55-c0a8-48f7-a28f-2149f338a86b,photo,http://lorempixel.com/640/480/animals,2018-02-12T20:12:52.143Z
0c7a531b-0511-4f30-9a6c-79cb813c289f,photo,http://lorempixel.com/640/480/animals,2018-02-12T20:12:52.143Z
063416bd-a4f4-4dae-a493-76c42b0957b0,photo,http://lorempixel.com/640/480/animals,2018-02-12T20:12:52.143Z
979ccec7-3f4b-44f0-be1d-92cb16d15bd2,photo,http://lorempixel.com/640/480/animals,2018-02-12T20:12:52.143Z
dd81752a-a140-48fe-bd80-bdf8aca75f06,photo,http://lorempixel.com/640/480/animals,2018-02-12T20:12:52.143Z
fc479bfd-65c0-4888-81e9-1199aac2b7f4,video,http://lorempixel.com/640/480/animals,2018-02-12T20:12:52.143Z
7b1975c2-6220-4845-9424-def94cf91882,photo,http://lorempixel.com/640/480/animals,2018-02-12T20:12:52.143Z
4fb7957a-26ba-4fd7-a464-773e860d28b7,photo,http://lorempixel.com/640/480/animals,2018-02-12T20:12:52.143Z
3107ffb1-d49b-4383-90a2-edf77edf5561,video,http://lorempixel.com/640/480/animals,2018-02-12T20:12:52.143Z
50150f86-d2a5-4cb0-930a-60d9886176f3,video,http://lorempixel.com/640/480/animals,2018-02-12T20:12:52.143Z
9d903887-b3c9-42f3-8cf4-b0c0dd1430cf,photo,http://lorempixel.com/640/480/animals,2018-02-12T20:12:52.143Z
ef8b7070-2f92-4baa-aa18-abe9e24c8290,photo,http://lorempixel.com/640/480/animals,2018-02-12T20:12:52.143Z
177f2bd9-d345-4e9c-9bfc-1332f47c4cff,photo,http://lorempixel.com/640/480/animals,2018-02-12T20:12:52.143Z
1831e81c-d68d-492f-9c68-0122909960ba,photo,http://lorempixel.com/640/480/animals,2018-02-12T20:12:52.143Z
5bcd2fa0-83e7-4a0d-9eaa-3492d1a32c43,video,http://lorempixel.com/640/480/animals,2018-02-12T20:12:52.143Z
335a615e-22ed-46b9-af6c-d28a11acada1,photo,http://lorempixel.com/640/480/animals,2018-02-12T20:12:52.143Z
bfca86b9-7974-44de-901a-ee82c7c49c42,photo,http://lorempixel.com/640/480/animals,2018-02-12T20:12:52.143Z
8d694b56-3e40-4620-b345-a31cd6231290,photo,http://lorempixel.com/640/480/animals,2018-02-12T20:12:52.143Z
8f9e957b-09b8-41d0-ab95-40563eb8eb0a,video,http://lorempixel.com/640/480/animals,2018-02-12T20:12:52.143Z
04c80ee8-6da1-4cf0-9c55-f40a61120d42,video,http://lorempixel.com/640/480/animals,2018-02-12T20:12:52.143Z
2e0092ba-2c82-4444-b2bc-7b1bf15e3ad5,photo,http://lorempixel.com/640/480/animals,2018-02-12T20:12:52.143Z
6594ec9a-0f44-4295-94d3-689fb0b7d5c8,video,http://lorempixel.com/640/480/animals,2018-02-12T20:12:52.143Z
3f422af5-1811-48b9-87c1-330c50213101,photo,http://lorempixel.com/640/480/animals,2018-02-12T20:12:52.143Z
85495414-e245-4e3a-8574-9ea7ffa4c75c,photo,http://lorempixel.com/640/480/animals,2018-02-12T20:12:52.143Z
2cfbb9f0-83c5-4839-acb1-422f20714515,video,http://lorempixel.com/640/480/animals,2018-02-12T20:12:52.143Z
4cbba8e2-bcf9-4949-bda7-a5db56ed8aef,video,http://lorempixel.com/640/480/animals,2018-02-12T20:12:52.143Z
706cf542-661b-4ddd-ba89-e3ba7f12c1dd,video,http://lorempixel.com/640/480/animals,2018-02-12T20:12:52.143Z
d4f3a881-a88e-42c2-a004-181902a4c5d5,video,http://lorempixel.com/640/480/animals,2018-02-12T20:12:52.143Z
bc49a9c0-3f5e-40c4-beae-2137ffcf914f,photo,http://lorempixel.com/640/480/animals,2018-02-12T20:12:52.143Z
62f68b8a-521a-4465-94cc-8744dea3e3f2,photo,http://lorempixel.com/640/480/animals,2018-02-12T20:12:52.143Z
6a694b4e-db29-4b6a-b171-634bd7c9b6c9,video,http://lorempixel.com/640/480/animals,2018-02-12T20:12:52.143Z
2c9af366-816e-4815-891d-f5c8a583d9d8,photo,http://lorempixel.com/640/480/animals,2018-02-12T20:12:52.143Z
fb832da1-dc80-44c5-8f65-07032ca83a7e,video,http://lorempixel.com/640/480/animals,2018-02-12T20:12:52.143Z
732e563f-7da7-47cd-b7bb-a676108f66ba,photo,http://lorempixel.com/640/480/animals,2018-02-12T20:12:52.143Z
1db79a04-f61b-496f-877b-c98b721e2b16,video,http://lorempixel.com/640/480/animals,2018-02-12T20:12:52.143Z
912962a4-ef49-45a7-83cb-09b60123d290,video,http://lorempixel.com/640/480/animals,2018-02-12T20:12:52.143Z
d8e0cd4b-79bd-4e80-bec4-b07ef09653fb,photo,http://lorempixel.com/640/480/animals,2018-02-12T20:12:52.143Z
00cf18ed-ce90-4fa6-8288-06a812a27f21,photo,http://lorempixel.com/640/480/animals,2018-02-12T20:12:52.143Z
ada20b11-8d28-4736-92bf-ee49b78eb7db,photo,http://lorempixel.com/640/480/animals,2018-02-12T20:12:52.143Z
2bbd42aa-0b55-48d2-a2de-dd7f797fca67,photo,http://lorempixel.com/640/480/animals,2018-02-12T20:12:52.143Z
c9aa21f8-2f1f-42f6-b541-0054b9195e4f,photo,http://lorempixel.com/640/480/animals,2018-02-12T20:12:52.143Z
a2bcc314-8f09-4ce0-81ce-499cdd72af9c,photo,http://lorempixel.com/640/480/animals,2018-02-12T20:12:52.143Z
ff75c4e9-065b-41f4-a005-4ac48fe91f95,video,http://lorempixel.com/640/480/animals,2018-02-12T20:12:52.143Z
32e2d9fd-bb65-4091-b23e-419dd0d2b11c,photo,http://lorempixel.com/640/480/animals,2018-02-12T20:12:52.143Z
f492b61a-fd5e-4048-b711-89448121d1f9,photo,http://lorempixel.com/640/480/animals,2018-02-12T20:12:52.143Z
b4f696ea-5c12-448f-ab05-1d6a28e1f9b4,photo,http://lorempixel.com/640/480/animals,2018-02-12T20:12:52.143Z
93533c5d-33f6-415f-8c20-0a2d2cc02896,video,http://lorempixel.com/640/480/animals,2018-02-12T20:12:52.143Z
6ad65c60-9544-4547-9d2e-36f9209129ac,video,http://lorempixel.com/640/480/animals,2018-02-12T20:12:52.143Z
d62b924d-610e-48cc-bc23-15f74df91d41,video,http://lorempixel.com/640/480/animals,2018-02-12T20:12:52.143Z
2c0d3329-4232-4a8b-acdd-02f475a3a18f,video,http://lorempixel.com/640/480/animals,2018-02-12T20:12:52.143Z
67931741-c8c4-4374-bcd5-80ec6612b7f3,photo,http://lorempixel.com/640/480/animals,2018-02-12T20:12:52.143Z
7e40acd6-2658-4b44-b2bf-b021a5015071,video,http://lorempixel.com/640/480/animals,2018-02-12T20:12:52.143Z
503bc456-7126-4915-b628-730136875921,video,http://lorempixel.com/640/480/animals,2018-02-12T20:12:52.143Z
1c669c26-6aa8-40e8-b0da-beb0462b7d29,photo,http://lorempixel.com/640/480/animals,2018-02-12T20:12:52.143Z
8751c93c-46f4-4ea4-a07d-0fc3142b2450,photo,http://lorempixel.com/640/480/animals,2018-02-12T20:12:52.143Z
a5defe65-e856-43cc-b1b9-149e38c531be,video,http://lorempixel.com/640/480/animals,2018-02-12T20:12:52.143Z
3bd12fd4-e20d-4b69-82e9-ab9ac5ef2257,photo,http://lorempixel.com/640/480/animals,2018-02-12T20:12:52.143Z
bd908b15-43bb-4286-8c9b-6ddb650a814a,photo,http://lorempixel.com/640/480/animals,2018-02-12T20:12:52.144Z
33a2ceda-1e93-46a3-aa38-dc462396d7cd,photo,http://lorempixel.com/640/480/animals,2018-02-12T20:12:52.144Z
506b3e04-f086-438b-96a2-a32c19b36062,video,http://lorempixel.com/640/480/animals,2018-02-12T20:12:52.144Z
5075041d-6eb2-4ae6-99ee-6f7fde8e1a59,video,http://lorempixel.com/640/480/animals,2018-02-12T20:12:52.144Z
e020d2dd-8847-49c1-bc25-f41b2dfd4d12,video,http://lorempixel.com/640/480/animals,2018-02-12T20:12:52.144Z
e2115b85-9d9e-4550-bf72-f8cf9d952777,photo,http://lorempixel.com/640/480/animals,2018-02-12T20:12:52.144Z
b924d5d9-e88b-4114-9e76-3287b84cedc1,video,http://lorempixel.com/640/480/animals,2018-02-12T20:12:52.144Z
dd81a627-dbf6-4b26-8e08-eb1ccb670197,video,http://lorempixel.com/640/480/animals,2018-02-12T20:12:52.144Z
053744a3-d820-4df6-961c-0e1124958b96,photo,http://lorempixel.com/640/480/animals,2018-02-12T20:12:52.144Z
c75ee4a6-013a-4495-8a0e-3c0d030ae3ad,video,http://lorempixel.com/640/480/animals,2018-02-12T20:12:52.144Z